[
  {
    "ParameterKey": "EnableCheckIamRootAccessKeyRule",
    "ParameterValue": "true"
  },
  {
    "ParameterKey": "EnableS3BucketVersioningRule",
    "ParameterValue": "true"
  },
  {
    "ParameterKey": "EnableEncryptedVolumesRule",
    "ParameterValue": "true"
  },
  {
    "ParameterKey": "EnableRdsEncryptionRule",
    "ParameterValue": "true"
  },
  {
    "ParameterKey": "EnableS3PublicReadRule",
    "ParameterValue": "true"
  },
  {
    "ParameterKey": "EnableS3PublicWriteRule",
    "ParameterValue": "true"
  },
  {
    "ParameterKey": "EnableS3ServerSideEncryptionRule",
    "ParameterValue": "true"
  },
  {
    "ParameterKey": "EnableRestrictedCommonPortsRule",
    "ParameterValue": "true"
  },
  {
    "ParameterKey": "EnableRestrictedSshRule",
    "ParameterValue": "true"
  },
  {
    "ParameterKey": "KMSId",
    "ParameterValue": ""
  },
  {
    "ParameterKey": "MaximumExecutionFrequency",
    "ParameterValue": "TwentyFour_Hours"
  },
  {
    "ParameterKey": "blockedPort1",
    "ParameterValue": "20"
  },
  {
    "ParameterKey": "blockedPort2",
    "ParameterValue": "21"
  },
  {
    "ParameterKey": "blockedPort3",
    "ParameterValue": "3389"
  },
  {
    "ParameterKey": "blockedPort4",
    "ParameterValue": "3306"
  },
  {
    "ParameterKey": "blockedPort5",
    "ParameterValue": "4333"
  }
]
